bucket_name,bucket_label,sku_count,weight_sum,actual_total,pred_total,signed_bias,bias_ratio,segment_wrmsse,mean_rmsse,mean_weighted_rmsse,family_name,model,fold
profit_rank,rank_001_100,100,0.3978700913579021,24152.0,25004.571428571424,852.5714285714207,1.0353002413287273,0.27216821073834363,0.4676523136900429,0.0027216821073834364,profit_rank,recent28_sunday0,recent_2025
profit_rank,rank_001_100,100,0.3978700913579021,24152.0,24496.642857142855,344.6428571428534,1.0142697440022712,0.27306559587031093,0.4691422772260136,0.0027306559587031093,profit_rank,recent21_28_56_w25_50_25_sunday0,recent_2025
profit_rank,rank_001_100,100,0.3978700913579021,24152.0,24183.542857142867,31.542857142863454,1.0013060142904466,0.27323664187333363,0.4686126616663686,0.002732366418733336,profit_rank,recent21_28_56_w35_45_20_sunday0,recent_2025
profit_rank,rank_001_100,100,0.3978700913579021,24152.0,23622.285714285706,-529.7142857142949,0.9780674774050061,0.2734151719982803,0.4673847333877438,0.002734151719982803,profit_rank,recent21_28_w50_50_sunday0,recent_2025
profit_rank,rank_001_100,100,0.3978700913579021,24152.0,24496.0,343.99999999999636,1.0142431268631997,0.27353251245569765,0.46908309646469654,0.0027353251245569765,profit_rank,recent18_sunday0,recent_2025
profit_rank,rank_001_100,100,0.3978700913579021,24152.0,25937.142857142855,1785.1428571428553,1.07391283774192,0.2735948785260513,0.46821576198059084,0.002735948785260513,profit_rank,recent14_sunday0,recent_2025
profit_rank,rank_001_100,100,0.3978700913579021,24152.0,23994.628571428577,-157.37142857142538,0.993484124355274,0.2736108200398118,0.46778379560121125,0.002736108200398118,profit_rank,recent14_18_21_w20_45_35_sunday0,recent_2025
profit_rank,rank_001_100,100,0.3978700913579021,24152.0,23444.28571428572,-707.7142857142835,0.970697487342072,0.27376484246905725,0.4675617739033428,0.0027376484246905723,profit_rank,recent18_21_28_w35_50_15_sunday0,recent_2025
profit_rank,rank_001_100,100,0.3978700913579021,24152.0,22240.00000000001,-1911.9999999999916,0.9208347134812856,0.2751814354863374,0.46818245341069065,0.002751814354863374,profit_rank,recent21_sunday0,recent_2025
profit_rank,rank_001_100,100,0.3978700913579021,24152.0,25737.428571428576,1585.4285714285768,1.065643779870345,0.2760259302397854,0.48361380479445887,0.002760259302397854,profit_rank,recent56_sunday0,recent_2025
profit_rank,rank_001_100,100,0.3978700913579021,24152.0,25241.142857142848,1089.142857142854,1.0450953485070738,0.2773339518431115,0.4821488963747757,0.002773339518431115,profit_rank,recent84_sunday0,recent_2025
profit_rank,rank_001_100,100,0.3978700913579021,24152.0,0.0,-24152.0,0.0,0.37371751412909754,0.5010673750737782,0.0037371751412909756,profit_rank,zero,recent_2025
profit_rank,rank_1001_2000,1000,0.10526361121082217,5960.0,0.0,-5960.0,0.0,0.04603954184360956,0.4299450474038817,4.603954184360956e-05,profit_rank,zero,recent_2025
profit_rank,rank_1001_2000,1000,0.10526361121082217,5960.0,6345.3,385.30000000000024,1.0646476510067115,0.0472985310493306,0.44277704310611876,4.72985310493306e-05,profit_rank,recent21_28_56_w35_45_20_sunday0,recent_2025
profit_rank,rank_1001_2000,1000,0.10526361121082217,5960.0,6381.053571428572,421.0535714285722,1.0706465723873442,0.047301516243772296,0.442799993287343,4.73015162437723e-05,profit_rank,recent21_28_56_w25_50_25_sunday0,recent_2025
profit_rank,rank_1001_2000,1000,0.10526361121082217,5960.0,6191.999999999998,231.9999999999995,1.038926174496644,0.04732099102943657,0.4429782318006355,4.732099102943657e-05,profit_rank,recent28_sunday0,recent_2025
profit_rank,rank_1001_2000,1000,0.10526361121082217,5960.0,6198.857142857145,238.85714285714434,1.0400767018216686,0.04732365454663664,0.4430085803308105,4.732365454663664e-05,profit_rank,recent21_28_w50_50_sunday0,recent_2025
profit_rank,rank_1001_2000,1000,0.10526361121082217,5960.0,6205.714285714288,245.71428571428729,1.0412272291466926,0.047459545130035155,0.44434651385255963,4.7459545130035155e-05,profit_rank,recent21_sunday0,recent_2025
profit_rank,rank_1001_2000,1000,0.10526361121082217,5960.0,6482.590476190477,522.5904761904765,1.0876829658037712,0.04754844354245021,0.4450968402673827,4.754844354245021e-05,profit_rank,recent18_21_28_w35_50_15_sunday0,recent_2025
profit_rank,rank_1001_2000,1000,0.10526361121082217,5960.0,6934.500000000002,974.5000000000002,1.1635067114093962,0.04766646590057929,0.4460523991730046,4.766646590057929e-05,profit_rank,recent56_sunday0,recent_2025
profit_rank,rank_1001_2000,1000,0.10526361121082217,5960.0,6562.285714285716,602.2857142857149,1.1010546500479388,0.04777735226425921,0.4471171907482851,4.7777352264259205e-05,profit_rank,recent14_18_21_w20_45_35_sunday0,recent_2025
profit_rank,rank_1001_2000,1000,0.10526361121082217,5960.0,8018.714285714287,2058.7142857142862,1.3454218600191756,0.047850775595127265,0.4477746359497037,4.7850775595127264e-05,profit_rank,recent84_sunday0,recent_2025
profit_rank,rank_1001_2000,1000,0.10526361121082217,5960.0,7002.666666666666,1042.6666666666663,1.1749440715883668,0.047914819973061545,0.44845466701795955,4.7914819973061546e-05,profit_rank,recent18_sunday0,recent_2025
profit_rank,rank_1001_2000,1000,0.10526361121082217,5960.0,6195.428571428573,235.4285714285723,1.0395014381591565,0.04833096700523495,0.451792744655172,4.8330967005234946e-05,profit_rank,recent14_sunday0,recent_2025
profit_rank,rank_101_500,400,0.23590526527043743,20116.0,13705.714285714288,-6410.285714285714,0.6813339772178508,0.13104625172842307,0.5591174207799522,0.0003276156293210577,profit_rank,recent28_sunday0,recent_2025
profit_rank,rank_101_500,400,0.23590526527043743,20116.0,13923.714285714286,-6192.285714285714,0.6921711217793938,0.13112404419628176,0.5597538196263222,0.0003278101104907044,profit_rank,recent21_28_w50_50_sunday0,recent_2025
profit_rank,rank_101_500,400,0.23590526527043743,20116.0,13880.257142857143,-6235.742857142857,0.6900107945345567,0.13115976283797456,0.5597863367534637,0.0003278994070949364,profit_rank,recent21_28_56_w35_45_20_sunday0,recent_2025
profit_rank,rank_101_500,400,0.23590526527043743,20116.0,13842.142857142855,-6273.857142857146,0.6881160696531544,0.13118535583274354,0.5598360025397979,0.00032796338958185887,profit_rank,recent21_28_56_w25_50_25_sunday0,recent_2025
profit_rank,rank_101_500,400,0.23590526527043743,20116.0,14141.714285714284,-5974.285714285714,0.7030082663409368,0.1314527352163229,0.561453583912897,0.00032863183804080723,profit_rank,recent21_sunday0,recent_2025
profit_rank,rank_101_500,400,0.23590526527043743,20116.0,14607.24761904762,-5508.75238095238,0.7261507068526357,0.13151526631608748,0.5616240928864258,0.0003287881657902187,profit_rank,recent18_21_28_w35_50_15_sunday0,recent_2025
profit_rank,rank_101_500,400,0.23590526527043743,20116.0,15198.971428571429,-4917.028571428573,0.7555662869641792,0.13186700782199856,0.563421660714186,0.0003296675195549964,profit_rank,recent14_18_21_w20_45_35_sunday0,recent_2025
profit_rank,rank_101_500,400,0.23590526527043743,20116.0,15658.66666666667,-4457.333333333333,0.7784185059985419,0.13220277425812027,0.564749993406268,0.00033050693564530065,profit_rank,recent18_sunday0,recent_2025
profit_rank,rank_101_500,400,0.23590526527043743,20116.0,13815.428571428569,-6300.5714285714275,0.6867880578359797,0.13264199750823055,0.5658657522947206,0.0003316049937705764,profit_rank,recent56_sunday0,recent_2025
profit_rank,rank_101_500,400,0.23590526527043743,20116.0,16014.857142857145,-4101.142857142855,0.7961253302275375,0.1327171416611711,0.5679508727680695,0.0003317928541529278,profit_rank,recent14_sunday0,recent_2025
profit_rank,rank_101_500,400,0.23590526527043743,20116.0,14145.142857142855,-5970.857142857143,0.7031787063602533,0.13364853107299823,0.5691258528747403,0.0003341213276824956,profit_rank,recent84_sunday0,recent_2025
profit_rank,rank_101_500,400,0.23590526527043743,20116.0,0.0,-20116.0,0.0,0.13390119441040144,0.5675960961379827,0.0003347529860260036,profit_rank,zero,recent_2025
profit_rank,rank_2001_plus,13972,0.14686453276546474,14318.0,0.0,-14318.0,0.0,0.054337331712566744,89.3644833300258,3.889016011492037e-06,profit_rank,zero,recent_2025
profit_rank,rank_2001_plus,13972,0.14686453276546474,14318.0,13577.303571428572,-740.6964285714275,0.9482681639494742,0.05751483318615107,89.38854478751222,4.116435240921204e-06,profit_rank,recent21_28_56_w25_50_25_sunday0,recent_2025
profit_rank,rank_2001_plus,13972,0.14686453276546474,14318.0,13594.757142857143,-723.2428571428561,0.9494871590206134,0.057536500344178565,89.38880657328748,4.1179859965773375e-06,profit_rank,recent21_28_56_w35_45_20_sunday0,recent_2025
profit_rank,rank_2001_plus,13972,0.14686453276546474,14318.0,13474.285714285717,-843.7142857142834,0.9410731746253469,0.05754471949708977,89.38970176262443,4.118574255445876e-06,profit_rank,recent28_sunday0,recent_2025
profit_rank,rank_2001_plus,13972,0.14686453276546474,14318.0,13601.142857142859,-716.8571428571404,0.9499331510785626,0.05761548678704431,89.38988701325758,4.123639191743796e-06,profit_rank,recent21_28_w50_50_sunday0,recent_2025
profit_rank,rank_2001_plus,13972,0.14686453276546474,14318.0,13632.642857142859,-685.3571428571408,0.9521331790154253,0.05766578146111538,89.38635654147716,4.127238867815301e-06,profit_rank,recent56_sunday0,recent_2025
profit_rank,rank_2001_plus,13972,0.14686453276546474,14318.0,13728.000000000002,-589.9999999999977,0.9587931275317783,0.05779374315338943,89.390578069442,4.136397305567523e-06,profit_rank,recent21_sunday0,recent_2025
profit_rank,rank_2001_plus,13972,0.14686453276546474,14318.0,14483.857142857145,165.8571428571434,1.011583820565522,0.05779664310200421,89.38441804720979,4.136604859862884e-06,profit_rank,recent84_sunday0,recent_2025
profit_rank,rank_2001_plus,13972,0.14686453276546474,14318.0,14296.609523809526,-21.390476190474956,0.9985060430094654,0.05794881100700622,89.39192703562401,4.1474957777702705e-06,profit_rank,recent18_21_28_w35_50_15_sunday0,recent_2025
profit_rank,rank_2001_plus,13972,0.14686453276546474,14318.0,14588.914285714283,270.9142857142819,1.018921238002115,0.05813444534108989,89.39344628842288,4.160781945397215e-06,profit_rank,recent14_18_21_w20_45_35_sunday0,recent_2025
profit_rank,rank_2001_plus,13972,0.14686453276546474,14318.0,14132.571428571431,-185.4285714285669,0.9870492686528447,0.05830844207345891,89.39553130599971,4.173235189912604e-06,profit_rank,recent14_sunday0,recent_2025
profit_rank,rank_2001_plus,13972,0.14686453276546474,14318.0,15461.333333333332,1143.3333333333326,1.0798528658564976,0.058472557747600816,89.39539936690312,4.1849812301460645e-06,profit_rank,recent18_sunday0,recent_2025
profit_rank,rank_501_1000,500,0.1140964993953735,8585.0,0.0,-8585.0,0.0,0.05758891744414874,0.4903381443293661,0.00011517783488829748,profit_rank,zero,recent_2025
profit_rank,rank_501_1000,500,0.1140964993953735,8585.0,6238.142857142857,-2346.8571428571427,0.7266328313503619,0.058965055981123546,0.5020007741544757,0.0001179301119622471,profit_rank,recent21_28_56_w35_45_20_sunday0,recent_2025
profit_rank,rank_501_1000,500,0.1140964993953735,8585.0,6243.785714285715,-2341.2142857142853,0.7272901239703803,0.0589670991213932,0.5020588536655868,0.0001179341982427864,profit_rank,recent21_28_56_w25_50_25_sunday0,recent_2025
profit_rank,rank_501_1000,500,0.1140964993953735,8585.0,6209.428571428572,-2375.571428571429,0.7232881271320409,0.05902255020628307,0.5025074868319949,0.00011804510041256613,profit_rank,recent21_28_w50_50_sunday0,recent_2025
profit_rank,rank_501_1000,500,0.1140964993953735,8585.0,6197.142857142857,-2387.8571428571427,0.7218570596555454,0.05907427291622072,0.5032926296323738,0.00011814854583244144,profit_rank,recent28_sunday0,recent_2025
profit_rank,rank_501_1000,500,0.1140964993953735,8585.0,6221.714285714285,-2363.2857142857147,0.7247191946085364,0.059113920501019754,0.5030525203200618,0.00011822784100203951,profit_rank,recent21_sunday0,recent_2025
profit_rank,rank_501_1000,500,0.1140964993953735,8585.0,6459.628571428573,-2125.3714285714277,0.752431982694068,0.05921404730841538,0.5040635965027663,0.00011842809461683077,profit_rank,recent18_21_28_w35_50_15_sunday0,recent_2025
profit_rank,rank_501_1000,500,0.1140964993953735,8585.0,6359.142857142857,-2225.857142857143,0.7407271819618937,0.05925180666874519,0.5043551396816356,0.00011850361333749037,profit_rank,recent56_sunday0,recent_2025
profit_rank,rank_501_1000,500,0.1140964993953735,8585.0,6161.714285714287,-2423.2857142857133,0.7177302604210003,0.05930318069619177,0.5042653839453524,0.00011860636139238353,profit_rank,recent84_sunday0,recent_2025
profit_rank,rank_501_1000,500,0.1140964993953735,8585.0,6608.0,-1977.0000000000007,0.7697146185206756,0.059426394061662405,0.5059069328493063,0.00011885278812332481,profit_rank,recent14_18_21_w20_45_35_sunday0,recent_2025
profit_rank,rank_501_1000,500,0.1140964993953735,8585.0,6912.0,-1673.0000000000005,0.8051252184041934,0.05962964890178507,0.5076818899710881,0.00011925929780357014,profit_rank,recent18_sunday0,recent_2025
profit_rank,rank_501_1000,500,0.1140964993953735,8585.0,6600.000000000001,-1984.9999999999993,0.7687827606290042,0.05990575059356099,0.5101880515651392,0.00011981150118712199,profit_rank,recent14_sunday0,recent_2025
profit_rank,rank_001_100,100,0.39626480037253003,47657.0,24525.142857142866,-23131.85714285713,0.5146178495738898,0.3117749382819144,0.7504507354300123,0.003117749382819144,profit_rank,recent84_sunday0,seasonal_2024
profit_rank,rank_001_100,100,0.39626480037253003,47657.0,26358.0,-21298.999999999996,0.5530771974736135,0.3166691688948642,0.7552587633425566,0.0031666916889486417,profit_rank,recent56_sunday0,seasonal_2024
profit_rank,rank_001_100,100,0.39626480037253003,47657.0,23779.214285714275,-23877.785714285725,0.49896582423808206,0.3196426639258864,0.758736509432111,0.003196426639258864,profit_rank,recent21_28_56_w25_50_25_sunday0,seasonal_2024
profit_rank,rank_001_100,100,0.39626480037253003,47657.0,23498.34285714286,-24158.65714285714,0.49307222143951274,0.3202636679459247,0.7595581819509978,0.003202636679459247,profit_rank,recent21_28_56_w35_45_20_sunday0,seasonal_2024
profit_rank,rank_001_100,100,0.39626480037253003,47657.0,23355.42857142857,-24301.57142857143,0.4900734114910416,0.3203247308871698,0.763097532691033,0.003203247308871698,profit_rank,recent28_sunday0,seasonal_2024
profit_rank,rank_001_100,100,0.39626480037253003,47657.0,22303.999999999996,-25353.000000000007,0.4680109952367962,0.3220207585381194,0.7666352693831258,0.003220207585381194,profit_rank,recent18_sunday0,seasonal_2024
profit_rank,rank_001_100,100,0.39626480037253003,47657.0,22701.714285714283,-24955.285714285717,0.47635634399383686,0.32207030536664044,0.7631871818894044,0.0032207030536664043,profit_rank,recent21_28_w50_50_sunday0,seasonal_2024
profit_rank,rank_001_100,100,0.39626480037253003,47657.0,22333.71428571428,-25323.28571428572,0.4686344983048509,0.32284733261667886,0.765183965442052,0.003228473326166789,profit_rank,recent18_21_28_w35_50_15_sunday0,seasonal_2024
profit_rank,rank_001_100,100,0.39626480037253003,47657.0,20916.114285714288,-26740.885714285712,0.43888860578119243,0.3237707986520863,0.765644181855452,0.003237707986520863,profit_rank,recent14_18_21_w20_45_35_sunday0,seasonal_2024
profit_rank,rank_001_100,100,0.39626480037253003,47657.0,22048.000000000007,-25608.999999999993,0.46263927649663233,0.32465902186907036,0.7668713873275022,0.0032465902186907037,profit_rank,recent21_sunday0,seasonal_2024
profit_rank,rank_001_100,100,0.39626480037253003,47657.0,15812.571428571431,-31844.428571428572,0.33179955575406406,0.327911448729866,0.7668439566626928,0.00327911448729866,profit_rank,recent14_sunday0,seasonal_2024
profit_rank,rank_001_100,100,0.39626480037253003,47657.0,0.0,-47657.0,0.0,0.4640171217983261,0.8361672889635168,0.004640171217983261,profit_rank,zero,seasonal_2024
profit_rank,rank_1001_2000,1000,0.1085741421334549,9168.0,0.0,-9168.0,0.0,0.06321947310301734,0.5766051706518411,6.321947310301734e-05,profit_rank,zero,seasonal_2024
profit_rank,rank_1001_2000,1000,0.1085741421334549,9168.0,7222.857142857145,-1945.1428571428553,0.7878334579905263,0.06386002394288323,0.5846959449878337,6.386002394288323e-05,profit_rank,recent21_sunday0,seasonal_2024
profit_rank,rank_1001_2000,1000,0.1085741421334549,9168.0,7497.714285714286,-1670.2857142857138,0.817813512839691,0.06392995499297857,0.5855384822329395,6.392995499297857e-05,profit_rank,recent21_28_w50_50_sunday0,seasonal_2024
profit_rank,rank_1001_2000,1000,0.1085741421334549,9168.0,7735.485714285715,-1432.5142857142855,0.8437484417850911,0.06394237133631536,0.585592122097774,6.394237133631537e-05,profit_rank,recent21_28_56_w35_45_20_sunday0,seasonal_2024
profit_rank,rank_1001_2000,1000,0.1085741421334549,9168.0,7829.285714285714,-1338.714285714286,0.8539796808775866,0.06398219388554204,0.5859648295021705,6.398219388554203e-05,profit_rank,recent21_28_56_w25_50_25_sunday0,seasonal_2024
profit_rank,rank_1001_2000,1000,0.1085741421334549,9168.0,7474.64761904762,-1693.3523809523808,0.8152975151666252,0.06399441597977235,0.5860521241709157,6.399441597977234e-05,profit_rank,recent18_21_28_w35_50_15_sunday0,seasonal_2024
profit_rank,rank_1001_2000,1000,0.1085741421334549,9168.0,7448.342857142857,-1719.6571428571433,0.8124283221141859,0.0640736523857604,0.5868964097074463,6.40736523857604e-05,profit_rank,recent14_18_21_w20_45_35_sunday0,seasonal_2024
profit_rank,rank_1001_2000,1000,0.1085741421334549,9168.0,7772.571428571429,-1395.4285714285706,0.8477935676888557,0.06416026563460217,0.5878603337182763,6.416026563460217e-05,profit_rank,recent28_sunday0,seasonal_2024
profit_rank,rank_1001_2000,1000,0.1085741421334549,9168.0,7706.666666666665,-1461.3333333333344,0.8406050029086677,0.06431293707366123,0.589032115829308,6.431293707366122e-05,profit_rank,recent18_sunday0,seasonal_2024
profit_rank,rank_1001_2000,1000,0.1085741421334549,9168.0,7261.714285714287,-1906.285714285713,0.7920718025430069,0.06435571712071428,0.5900996496366794,6.435571712071428e-05,profit_rank,recent14_sunday0,seasonal_2024
profit_rank,rank_1001_2000,1000,0.1085741421334549,9168.0,8268.142857142857,-899.8571428571435,0.9018480428820743,0.06437561231999928,0.5884354870880667,6.437561231999928e-05,profit_rank,recent84_sunday0,seasonal_2024
profit_rank,rank_1001_2000,1000,0.1085741421334549,9168.0,8549.142857142859,-618.8571428571422,0.9324981301421094,0.06441116109456362,0.5894710334854326,6.441116109456361e-05,profit_rank,recent56_sunday0,seasonal_2024
profit_rank,rank_101_500,400,0.24252768973569175,24980.0,17517.342857142856,-7462.657142857143,0.7012547180601624,0.20431663514427592,0.820349678183409,0.0005107915878606898,profit_rank,recent21_28_56_w35_45_20_sunday0,seasonal_2024
profit_rank,rank_101_500,400,0.24252768973569175,24980.0,18189.642857142855,-6790.357142857143,0.728168248884822,0.20440294974132317,0.8206173539534806,0.000511007374353308,profit_rank,recent21_28_56_w25_50_25_sunday0,seasonal_2024
profit_rank,rank_101_500,400,0.24252768973569175,24980.0,13865.142857142859,-11114.857142857141,0.5550497540889855,0.20442409314329466,0.8210029901511304,0.0005110602328582366,profit_rank,recent21_sunday0,seasonal_2024
profit_rank,rank_101_500,400,0.24252768973569175,24980.0,15791.142857142859,-9188.857142857141,0.6321514354340616,0.204447150498694,0.8213084746160682,0.000511117876246735,profit_rank,recent21_28_w50_50_sunday0,seasonal_2024
profit_rank,rank_101_500,400,0.24252768973569175,24980.0,14588.142857142859,-10391.857142857141,0.5839929086126044,0.2045694723814414,0.8217240302856816,0.0005114236809536035,profit_rank,recent18_21_28_w35_50_15_sunday0,seasonal_2024
profit_rank,rank_101_500,400,0.24252768973569175,24980.0,13755.6,-11224.4,0.5506645316253003,0.20469286890233643,0.8219995075106755,0.0005117321722558411,profit_rank,recent14_18_21_w20_45_35_sunday0,seasonal_2024
profit_rank,rank_101_500,400,0.24252768973569175,24980.0,17717.14285714286,-7262.857142857141,0.7092531167791376,0.20521201318448282,0.8244045742253673,0.000513030032961207,profit_rank,recent28_sunday0,seasonal_2024
profit_rank,rank_101_500,400,0.24252768973569175,24980.0,14280.000000000004,-10700.0,0.5716573258606887,0.2052396516675402,0.8244555079506043,0.0005130991291688506,profit_rank,recent18_sunday0,seasonal_2024
profit_rank,rank_101_500,400,0.24252768973569175,24980.0,12384.0,-12596.0,0.4957566052842274,0.2052493731093419,0.8239372481469508,0.0005131234327733548,profit_rank,recent14_sunday0,seasonal_2024
profit_rank,rank_101_500,400,0.24252768973569175,24980.0,22532.571428571435,-2447.428571428568,0.9020244767242368,0.20547000510685268,0.8235105065221185,0.0005136750127671316,profit_rank,recent84_sunday0,seasonal_2024
profit_rank,rank_101_500,400,0.24252768973569175,24980.0,23459.142857142855,-1520.8571428571447,0.9391170078920278,0.205806445860201,0.8253027306009764,0.0005145161146505025,profit_rank,recent56_sunday0,seasonal_2024
profit_rank,rank_101_500,400,0.24252768973569175,24980.0,0.0,-24980.0,0.0,0.21249419759833238,0.850680262600148,0.0005312354939958309,profit_rank,zero,seasonal_2024
profit_rank,rank_2001_plus,13972,0.13497180045902646,16935.0,0.0,-16935.0,0.0,0.06824944339986369,51.094328586505576,4.8847297022519105e-06,profit_rank,zero,seasonal_2024
profit_rank,rank_2001_plus,13972,0.13497180045902646,16935.0,15620.571428571431,-1314.4285714285693,0.9223839048462611,0.07032967377872654,51.10408595929819,5.0336153577674306e-06,profit_rank,recent56_sunday0,seasonal_2024
profit_rank,rank_2001_plus,13972,0.13497180045902646,16935.0,14187.571428571431,-2747.4285714285697,0.837766249103716,0.07037362344769246,51.10353462967931,5.036760910942776e-06,profit_rank,recent84_sunday0,seasonal_2024
profit_rank,rank_2001_plus,13972,0.13497180045902646,16935.0,17430.714285714286,495.7142857142865,1.029271584630309,0.07041037687257212,51.1051380688069,5.0393914165883285e-06,profit_rank,recent21_28_56_w25_50_25_sunday0,seasonal_2024
profit_rank,rank_2001_plus,13972,0.13497180045902646,16935.0,17403.27142857143,468.2714285714303,1.027651102956683,0.07042614649130957,51.10519144690753,5.040520075244029e-06,profit_rank,recent21_28_56_w35_45_20_sunday0,seasonal_2024
profit_rank,rank_2001_plus,13972,0.13497180045902646,16935.0,17737.857142857145,802.8571428571432,1.0474081572398668,0.07055216579090762,51.10577866198881,5.049539492621501e-06,profit_rank,recent21_28_w50_50_sunday0,seasonal_2024
profit_rank,rank_2001_plus,13972,0.13497180045902646,16935.0,16849.142857142855,-85.85714285714278,0.994930195284491,0.07061956517015136,51.10578938598232,5.05436338177436e-06,profit_rank,recent21_sunday0,seasonal_2024
profit_rank,rank_2001_plus,13972,0.13497180045902646,16935.0,18626.571428571435,1691.5714285714325,1.0998861191952427,0.07062738511033967,51.10636477337927,5.0549230683037264e-06,profit_rank,recent28_sunday0,seasonal_2024
profit_rank,rank_2001_plus,13972,0.13497180045902646,16935.0,17737.42380952381,802.4238095238096,1.0473825692071927,0.07072589549321816,51.106291214102825,5.061973625337687e-06,profit_rank,recent18_21_28_w35_50_15_sunday0,seasonal_2024
profit_rank,rank_2001_plus,13972,0.13497180045902646,16935.0,17632.77142857143,697.7714285714278,1.0412029187228478,0.07077632998750184,51.106186031546265,5.065583308581581e-06,profit_rank,recent14_18_21_w20_45_35_sunday0,seasonal_2024
profit_rank,rank_2001_plus,13972,0.13497180045902646,16935.0,16770.857142857145,-164.1428571428545,0.9903074781728459,0.07086760203705034,51.10568635985608,5.072115805686397e-06,profit_rank,recent14_sunday0,seasonal_2024
profit_rank,rank_2001_plus,13972,0.13497180045902646,16935.0,18625.333333333332,1690.3333333333308,1.0998130105304595,0.07108721048335928,51.10766759382817,5.087833558786092e-06,profit_rank,recent18_sunday0,seasonal_2024
profit_rank,rank_501_1000,500,0.11766156729929679,10729.0,7060.357142857141,-3668.6428571428582,0.658062926913705,0.08802553984682387,0.7343303091617427,0.00017605107969364774,profit_rank,recent21_28_56_w25_50_25_sunday0,seasonal_2024
profit_rank,rank_501_1000,500,0.11766156729929679,10729.0,6892.942857142856,-3836.0571428571434,0.6424590229418264,0.08804654717081725,0.7344652407772612,0.00017609309434163452,profit_rank,recent21_28_56_w35_45_20_sunday0,seasonal_2024
profit_rank,rank_501_1000,500,0.11766156729929679,10729.0,8580.857142857143,-2148.142857142857,0.7997816332237061,0.08818021701932613,0.7360983240209751,0.00017636043403865227,profit_rank,recent56_sunday0,seasonal_2024
profit_rank,rank_501_1000,500,0.11766156729929679,10729.0,6421.428571428571,-4307.571428571428,0.5985113777079477,0.0882304061141963,0.7359096495285969,0.00017646081222839262,profit_rank,recent21_28_w50_50_sunday0,seasonal_2024
profit_rank,rank_501_1000,500,0.11766156729929679,10729.0,7965.142857142857,-2763.8571428571427,0.742393779209885,0.08827748071601531,0.7369835209312167,0.0001765549614320306,profit_rank,recent84_sunday0,seasonal_2024
profit_rank,rank_501_1000,500,0.11766156729929679,10729.0,6817.714285714286,-3911.2857142857138,0.6354473190152191,0.08830962277737324,0.7366889435737329,0.00017661924555474647,profit_rank,recent28_sunday0,seasonal_2024
profit_rank,rank_501_1000,500,0.11766156729929679,10729.0,6188.4285714285725,-4540.571428571428,0.5767945355045738,0.0883493644278477,0.7368592766775657,0.0001766987288556954,profit_rank,recent18_21_28_w35_50_15_sunday0,seasonal_2024
profit_rank,rank_501_1000,500,0.11766156729929679,10729.0,5918.8,-4810.200000000001,0.5516637151645074,0.08837963024486473,0.7370856713402559,0.00017675926048972944,profit_rank,recent14_18_21_w20_45_35_sunday0,seasonal_2024
profit_rank,rank_501_1000,500,0.11766156729929679,10729.0,6025.142857142859,-4703.857142857142,0.5615754364006765,0.08840868395126797,0.7372392478146312,0.00017681736790253595,profit_rank,recent21_sunday0,seasonal_2024
profit_rank,rank_501_1000,500,0.11766156729929679,10729.0,5208.000000000001,-5520.999999999999,0.4854133656445149,0.08843133266329477,0.7373912831685538,0.00017686266532658955,profit_rank,recent14_sunday0,seasonal_2024
profit_rank,rank_501_1000,500,0.11766156729929679,10729.0,6152.000000000002,-4576.999999999999,0.5733991984341505,0.08857739386953441,0.7388704543272213,0.0001771547877390688,profit_rank,recent18_sunday0,seasonal_2024
profit_rank,rank_501_1000,500,0.11766156729929679,10729.0,0.0,-10729.0,0.0,0.08913632529232406,0.7432384460017181,0.0001782726505846481,profit_rank,zero,seasonal_2024
